{
    "model": "mlp",
    "f1_macro": 0.7526945846139523,
    "accuracy": 0.815809047264859,
    "classification_report": {
        "0": {
            "precision": 0.581221198156682,
            "recall": 0.655833604159896,
            "f1-score": 0.616277294243396,
            "support": 3077.0
        },
        "1": {
            "precision": 0.749835418038183,
            "recall": 0.747538831765478,
            "f1-score": 0.7486853637160386,
            "support": 4571.0
        },
        "2": {
            "precision": 0.8945632620427744,
            "recall": 0.9056050182112505,
            "f1-score": 0.9000502765208648,
            "support": 9884.0
        },
        "3": {
            "precision": 0.6299868478737396,
            "recall": 0.6159451350192885,
            "f1-score": 0.6228868660598179,
            "support": 2333.0
        },
        "4": {
            "precision": 0.8968905204059598,
            "recall": 0.8552455472047771,
            "f1-score": 0.8755731225296443,
            "support": 9713.0
        },
        "accuracy": 0.815809047264859,
        "macro avg": {
            "precision": 0.7504994493034678,
            "recall": 0.7560336272721381,
            "f1-score": 0.7526945846139523,
            "support": 29578.0
        },
        "weighted avg": {
            "precision": 0.8194954204274781,
            "recall": 0.815809047264859,
            "f1-score": 0.8172378038648035,
            "support": 29578.0
        }
    }
}